year,value,units
2008,1.256720E+02,kg
2009,1.252990E+02,kg
2010,1.293910E+02,kg
2011,1.339690E+02,kg
2012,1.369320E+02,kg
2013,1.435460E+02,kg
2014,1.410010E+02,kg
2015,1.454130E+02,kg
2016,1.441110E+02,kg
2017,1.442690E+02,kg
2018,1.470680E+02,kg
2019,1.498510E+02,kg
2020,1.523930E+02,kg