year,value,units
2008,1.25672E+02,Mt
2009,1.25299E+02,Mt
2010,1.29391E+02,Mt
2011,1.33969E+02,Mt
2012,1.36932E+02,Mt
2013,1.43546E+02,Mt
2014,1.41001E+02,Mt
2015,1.45413E+02,Mt
2016,1.44111E+02,Mt
2017,1.44269E+02,Mt
2018,1.47068E+02,Mt
2019,1.49851E+02,Mt
2020,1.52393E+02,Mt
