wastewater_type,nitrogen_input_kg
direct,1974039025.99
septic,264144752.40587002
sewer,3685241284.7799997
total,5922650422.7
