category	population
carp	4468114798.0
tilapia	1748117021.0000002
shrimp & prawns	65165431099.99998
molluscs	252110650400.00006
other	12943098216.666666
