,region,water_withdrawal_10^9_m^3/year,year
0,Africa,103.59559999999996,2013-2017
1,Asia,841.0254000000001,2013-2017
2,Central America,69.54809999999999,2013-2017
3,Europe,79.91890000000002,2013-2017
4,Northern America,191.0371,2013-2017
5,Oceania,10.5,2013-2017
6,South America,52.53,2013-2017
7,world,1348.1551000000002,2013-2017
