region,water_withdrawal_10^9_m^3/year,year
Africa,103.59559999999996,2013-2017
Asia,841.0254000000001,2013-2017
Caribbean,0.0021,2013-2017
Central America,69.54809999999999,2013-2017
Europe,79.91890000000002,2013-2017
Northern America,191.035,2013-2017
Oceania,10.5,2013-2017
South America,52.53,2013-2017
